title,price,location,url
Campbells Soup & Mobil Gas Vintage Toy Trucks,$10,Valley Stream,https://newyork.craigslist.org/lgi/clt/d/valley-stream-campbells-soup-mobil-gas/7810812953.html
We buy cars,0,New York,https://newyork.craigslist.org/que/wan/d/new-york-we-buy-cars/7815920611.html
Idemitsu OE Power Steering Fluid (12 Packs of 12oz)  For Asian Cars,$80,Nostrand Ave / Ave Z,https://newyork.craigslist.org/brk/pts/d/brooklyn-idemitsu-oe-power-steering/7815399488.html
We junk cars,0,New York,https://newyork.craigslist.org/que/wan/d/astoria-we-junk-cars/7815920858.html
2015+NISSAN TOYOTA JUNK CARS WANTED CASH,"$2,500",Anywhere,https://newyork.craigslist.org/brk/ctd/d/brooklyn-2015nissan-toyota-junk-cars/7815910956.html
Ca$h 4 All Vehicles  All Old Used Unwanted Junk Cars Trucks Vans Suvs,"$5,000",brooklyn,https://newyork.craigslist.org/brk/cto/d/brooklyn-cah-all-vehicles-all-old-used/7815891394.html
"Convolut of Matchbox, Hotwheels and other cars",$20,Buchanan,https://newyork.craigslist.org/wch/tag/d/buchanan-convolut-of-matchbox-hotwheels/7815873429.html
Large Baby Shade + suction on shades for back and side cars windows,$15,TriBeCa,https://newyork.craigslist.org/mnh/bab/d/new-york-city-large-baby-shade-suction/7808357166.html
"Wooden City - Cars, Streets, Trains, Signs 100+ pieces",$40,Buchanan,https://newyork.craigslist.org/wch/tag/d/buchanan-wooden-city-cars-streets/7815871264.html
"DIE CAST CARS (3)VW,VETTE,MUSTANG",$25,OZONE PARK,https://newyork.craigslist.org/que/clt/d/ozone-park-die-cast-cars-3vwvettemustang/7814949305.html
Large Baby Shade + suction on shades for back and side cars windows,$15,TriBeCa,https://newyork.craigslist.org/mnh/bab/d/new-york-city-large-baby-shade-suction/7808344223.html
Matchbox Cars & More,$15,Upper East Side,https://newyork.craigslist.org/mnh/tag/d/new-york-matchbox-cars-more/7815131778.html
Wheel Locks for Ford cars,$10,Bronx,https://newyork.craigslist.org/brx/for/d/bronx-wheel-locks-for-ford-cars/7815792002.html
Idemitsu OE Power Steering Fluid (12 Packs of 12oz)  For Asian Cars,$100,Nostrand Ave / Ave Z,https://newyork.craigslist.org/brk/pts/d/brooklyn-idemitsu-oe-power-steering/7811629772.html
"WANTED $ $ AURORA H, O, DETROIT AFX SLOT CARS WANTED paying top dollar",0,linden,https://newyork.craigslist.org/lgi/wan/d/linden-wanted-aurora-o-detroit-afx-slot/7810623258.html
"WANTED $$$ AURORA H, O, DETROIT AFX SLOT CARS WANTED paying top dollar",0,linden,https://newyork.craigslist.org/lgi/wan/d/linden-wanted-aurora-o-detroit-afx-slot/7811335299.html
"WANTED $$$ AURORA H, O, DETROIT AFX SLOT CARS WANTED paying top dollar",0,linden,https://newyork.craigslist.org/lgi/wan/d/linden-wanted-aurora-o-detroit-afx-slot/7814036574.html
"Lamborghini Diablo ""Hot Cars"" Collector Brochure",$5,Brooklyn,https://newyork.craigslist.org/brk/clt/d/brooklyn-lamborghini-diablo-hot-cars/7814502348.html
Hot Wheels electronic 6-lane racing track (and cars),$55,Bronxville/Mount Vernon,https://newyork.craigslist.org/wch/bab/d/mount-vernon-hot-wheels-electronic-lane/7814701205.html
1988 REPRINT MOTOR CARS 1923 CIGARETTE CARDS LAMBERT & BUTLER FRAMED,$99,Floral Park,https://newyork.craigslist.org/lgi/fuo/d/floral-park-1988-reprint-motor-cars/7811119023.html
Accident Cars Bought Daily,$500,Bklyn,https://newyork.craigslist.org/brk/wto/d/bronx-accident-cars-bought-daily/7815761612.html
"There are some electronic items and other items, such as cars, that I would like",$0,Point Lookout,https://newyork.craigslist.org/lgi/app/d/point-lookout-there-are-some-electronic/7815682266.html
James Bond cars,$30,Port Washington,https://newyork.craigslist.org/lgi/tag/d/port-washington-james-bond-cars/7811355343.html
Franklin mint die cast cars,$225,Port Washington,https://newyork.craigslist.org/lgi/clt/d/port-washington-franklin-mint-die-cast/7808552933.html
"Wanted:  Classic Foreign Cars, Mercedes, Porsche, BMW, Lancia, Jaguar",0,Yorktown,https://newyork.craigslist.org/wch/wan/d/yorktown-heights-wanted-classic-foreign/7808694037.html
Disney Arts and Craft Activity Set by Disney Cars with 130 pieces,$20,nassau county,https://newyork.craigslist.org/lgi/art/d/lynbrook-disney-arts-and-craft-activity/7815557569.html
(5) North Pole Express Christmas Train Replacement Cars,$0,long island,https://newyork.craigslist.org/lgi/for/d/east-islip-north-pole-express-christmas/7815554131.html
SCX SCALEXTRIC 88750 ANALOG PIT BOX TRACK FOR 1/32 Scale SLOT CARS,$99,Brooklyn NY,https://newyork.craigslist.org/brk/ele/d/brooklyn-scx-scalextric-analog-pit-box/7808032997.html
Die Cast 1/18 Scale Cars,$20,Bronx,https://newyork.craigslist.org/brx/tag/d/bronx-die-cast-18-scale-cars/7815528893.html
Battery charger RC cars,$20,E. Northport,https://newyork.craigslist.org/lgi/ele/d/east-northport-battery-charger-rc-cars/7815525041.html
"Pontiac Trans Am ""Hot Cars"" Collector Brochure",$5,Brooklyn,https://newyork.craigslist.org/brk/clt/d/brooklyn-pontiac-trans-am-hot-cars/7814017592.html
"Corvette Sting Ray ""Hot Cars"" Collector Brochure",$5,Brooklyn,https://newyork.craigslist.org/brk/clt/d/brooklyn-corvette-sting-ray-hot-cars/7814017558.html
"1953 Cadillac Eldorado ""Hot Cars"" Collector Brochure",$5,Brooklyn,https://newyork.craigslist.org/brk/clt/d/brooklyn-1953-cadillac-eldorado-hot/7814017529.html
1999 mobile 1. 25th anniversary special edition 3 cars (Have 20 available.),$10,Staten Island,https://newyork.craigslist.org/stn/tag/d/staten-island-1999-mobile-25th/7807807748.html
Temporary Plate,$0,brooklyn,https://newyork.craigslist.org/brk/pts/d/brooklyn-temporary-plate/7808621857.html
PISTON KEY CHAIN OR EAGLE HOOD ORNAMENT FOR CARS,$5,bayside/queens,https://newyork.craigslist.org/que/pts/d/oakland-gardens-piston-key-chain-or/7808407115.html
WE BUY JUNK CARS  FOR CASH.718-218-9244 - $1 (Brooklyn),$0,BROOKLYN,https://newyork.craigslist.org/brk/ptd/d/brooklyn-we-buy-junk-cars-for-cash/7815482728.html
"HUGE LOTS OF 30 TOY TRUCKS, CARS, MOTORCYCLES, TRAILERS, BOY, PLAY",$45,"Wilton, CT",https://newyork.craigslist.org/fct/tag/d/wilton-huge-lots-of-30-toy-trucks-cars/7812732222.html
"Good Year tire inflator for motorcycle, cars, bicycle and inflatables",$25,Rego Park,https://newyork.craigslist.org/que/wto/d/rego-park-good-year-tire-inflator-for/7815442463.html
Parts for RC Cars,$100,Wilton,https://newyork.craigslist.org/fct/tag/d/wilton-parts-for-rc-cars/7815373845.html
2006 Mercedes E350 4matic wagon 100 plus cheap cars in stock,"$3,650",Large selection of cars at wholesale prices motorhubnj.com,https://newyork.craigslist.org/brk/ctd/d/burlington-2006-mercedes-e350-4matic/7815303338.html
State inspection for ny cars,$140,Queens jfk Brooklyn Nassau valley stream,https://newyork.craigslist.org/que/wto/d/state-inspection-for-ny-cars/7815222455.html
"Children's Books About Cars, Boats and Trains",$1,Bellmore,https://newyork.craigslist.org/lgi/bks/d/bellmore-childrens-books-about-cars/7810837790.html
Junk Cars Wanted,0,New Hyde Park,https://newyork.craigslist.org/lgi/wan/d/new-hyde-park-junk-cars-wanted/7815199601.html
The Cars of Oldsmobile and other books,$5,E. Northport,https://newyork.craigslist.org/lgi/bks/d/east-northport-the-cars-of-oldsmobile/7812247157.html
Temporary Plate,$135,brooklyn,https://newyork.craigslist.org/brk/pts/d/brooklyn-temporary-plate/7809578370.html
6 TOY CARS,$15,westchester,https://newyork.craigslist.org/wch/tag/d/hawthorne-toy-cars/7812612289.html
$$ TOP DOLLAR CASH FOR ALL CARS TRUCKS VANS SUVs AND MORE $$$,0,queens,https://newyork.craigslist.org/que/wad/d/ozone-park-top-dollar-cash-for-all-cars/7815086995.html
01â€™ Chevy Tahoe plow truck &other old cars BEST OFFER over,$400,New fairfield CT,https://newyork.craigslist.org/fct/pts/d/new-fairfield-01-chevy-tahoe-plow-truck/7809170968.html
WANTED: SMART CARS & PARTS,0,Fairfield county,https://newyork.craigslist.org/fct/wan/d/new-fairfield-wanted-smart-cars-parts/7809484321.html
Disney cars,$10,New York,https://newyork.craigslist.org/brx/tag/d/new-york-disney-cars/7814968821.html
Junk Cars And Truck Pick up Today,"$2,500",Staten Island,https://newyork.craigslist.org/stn/cto/d/staten-island-junk-cars-and-truck-pick/7814948258.html
TLC CARS FOR RENT 929x271x7711,$400,Brooklyn,https://newyork.craigslist.org/brk/pts/d/brooklyn-tlc-cars-for-rent-929x271x7711/7809219074.html
TLC CARS FOR RENT 929x271x7711,$400,Brooklyn,https://newyork.craigslist.org/brk/pts/d/brooklyn-tlc-cars-for-rent-929x271x7711/7809218139.html
Mobile dent repair auto body work on the spot,$199,we come to you,https://newyork.craigslist.org/que/cto/d/ozone-park-mobile-dent-repair-auto-body/7814938844.html
auto bodywork on the spot,$150,we come to you,https://newyork.craigslist.org/wch/cto/d/west-chester-auto-bodywork-on-the-spot/7814936125.html
Jabra SP700 for Cars,$20,Flushing,https://newyork.craigslist.org/que/pts/d/flushing-jabra-sp700-for-cars/7809510417.html
"mr. fix it, mobile auto body on the spot",$175,queens,https://newyork.craigslist.org/que/cto/d/valley-stream-mr-fix-it-mobile-auto/7814733146.html
WE BUY SLOT CARS,0,Brooklyn,https://newyork.craigslist.org/brk/wan/d/brooklyn-we-buy-slot-cars/7809012959.html
slot cars wanted (Tjets),0,Marine Park,https://newyork.craigslist.org/brk/wan/d/brooklyn-slot-cars-wanted-tjets/7809647250.html
WE BUY SLOT CARS,0,Brooklyn,https://newyork.craigslist.org/brk/wan/d/brooklyn-we-buy-slot-cars/7809012753.html
Matchbox/ Hot Wheels Cars/ Majorette or Small Trucks 1980's,$3,wantagh,https://newyork.craigslist.org/lgi/tag/d/matchbox-hot-wheels-cars-majorette-or/7807512957.html
"Original '70s Vintage Slot Cars Aurora AFX, Tyco, LifeLike, T-Jet",$399,Brooklyn NY,https://newyork.craigslist.org/brk/ele/d/brooklyn-original-70s-vintage-slot-cars/7807033375.html
TLC CARS  FOR RENTED,$450,Midtown,https://newyork.craigslist.org/mnh/wtd/d/sunnyside-tlc-cars-for-rented/7814206541.html
Two reproduction murray sad face pedal cars,$85,New hyde park,https://newyork.craigslist.org/lgi/clt/d/new-hyde-park-two-reproduction-murray/7806536619.html
Hemi Muscle Cars by Robert Genat,$15,Shelton,https://newyork.craigslist.org/fct/pts/d/shelton-hemi-muscle-cars-by-robert-genat/7814173412.html
GM J-Cars 1982 - 1992 Haynes Repair Manual Sunbird Skyhawk Firenza Cim,$10,Shelton,https://newyork.craigslist.org/fct/pts/d/shelton-gm-cars-haynes-repair-manual/7814171298.html
Disney Cars and Planes w Color Changers,$1,staten island,https://newyork.craigslist.org/stn/tag/d/staten-island-disney-cars-and-planes/7807343731.html
Collectable trains&cars,$400,Yonkers,https://newyork.craigslist.org/wch/clt/d/yonkers-collectable-trainscars/7814074917.html
fast fix auto body on the spot mobile,$85,we come to you same day service,https://newyork.craigslist.org/que/cto/d/ozone-park-fast-fix-auto-body-on-the/7814032318.html
"mr. fix it, auto Bodywork on the spot",$150,We come to you same day service,https://newyork.craigslist.org/brk/cto/d/brooklyn-mr-fix-it-auto-bodywork-on-the/7814030571.html
Toy cars,$12,ridgewood,https://newyork.craigslist.org/que/tag/d/brooklyn-toy-cars/7814011749.html
BLACK ZONE CAR SERVICES/ ALL CARS NEED TO BE FIX/,$100,bronx,https://newyork.craigslist.org/brx/wto/d/mount-vernon-black-zone-car-services/7813985498.html
"Instant Cash for All Types of Vehicles: Old, Used, Unwanted Cars, Truc",0,brooklyn,https://newyork.craigslist.org/brk/wan/d/brooklyn-instant-cash-for-all-types-of/7813912287.html
We Buy All Cars Cash,"$2,000",718-501-5497,https://newyork.craigslist.org/brk/cto/d/brooklyn-we-buy-all-cars-cash/7813917592.html
"Instant Cash for All Types of Vehicles: Old, Used, Unwanted Cars, Truc","$5,000",brooklyn,https://newyork.craigslist.org/brk/cto/d/brooklyn-instant-cash-for-all-types-of/7813913131.html
Disney Pixar Cars NASCAR Die-cast Car,$35,Milford,https://newyork.craigslist.org/fct/tag/d/milford-disney-pixar-cars-nascar-die/7811097870.html
"Mr. fix it, auto bodywork on the spot",$150,We come to you same day service,https://newyork.craigslist.org/brk/cto/d/brooklyn-mr-fix-it-auto-bodywork-on-the/7813528388.html
>> WE BUY CARS - INSTANT QUOTE - USED & JUNK <<,0,NYC/NJ/CT,https://newyork.craigslist.org/brx/wad/d/bronx-we-buy-cars-instant-quote-used/7813362225.html
3 Greenlight 1988 Ford Mustang 5.0 LX Foxbody Diecast cars exclusive l,$120,brooklyn,https://newyork.craigslist.org/brk/clt/d/brooklyn-greenlight-1988-ford-mustang/7813207128.html
3 Greenlight 1991 Ford Mustang 5.0 GT Foxbody Diecast cars Two-Tone ex,$120,brooklyn,https://newyork.craigslist.org/brk/clt/d/brooklyn-greenlight-1991-ford-mustang/7813206791.html
3 Greenlight 1991 Ford Mustang 5.0 GT Foxbody stripes Diecast cars exc,$120,brooklyn,https://newyork.craigslist.org/brk/clt/d/brooklyn-greenlight-1991-ford-mustang/7813206332.html
Uber Lyft TLC cars for rent,$395,Astoria,https://newyork.craigslist.org/que/cto/d/astoria-uber-lyft-tlc-cars-for-rent/7813126005.html
Uber Lyft TLC cars for rent,$395,Astoria,https://newyork.craigslist.org/que/cto/d/astoria-uber-lyft-tlc-cars-for-rent/7813123058.html
Uber Lyft TLC cars for rent,$395,Astoria,https://newyork.craigslist.org/que/cto/d/astoria-uber-lyft-tlc-cars-for-rent/7813122854.html
Vintage Model Train Set Fleischmann HO Engine and Cars In Boxes,$495,Brooklyn,https://newyork.craigslist.org/brk/clt/d/brooklyn-vintage-model-train-set/7812925999.html
Rear track bar for GM cars from 1982 to 1996,$200,bronx,https://newyork.craigslist.org/brx/pts/d/bronx-rear-track-bar-for-gm-cars-from/7805747950.html
"ScharkSpark Brushless RC Cars for Adults, Max 70 KPH LAST ONE",$85,ozone park,https://newyork.craigslist.org/que/tag/d/ozone-park-scharkspark-brushless-rc/7812805035.html
4 16 inch pilot wheels 5x114 fits many cars,$500,peekskill,https://newyork.craigslist.org/wch/wto/d/peekskill-16-inch-pilot-wheels-5x114/7810911728.html
Sell Me Your Toyota Supra 1986 to 1992 Shell / Parts Cars / Wrecked,$0,queens,https://newyork.craigslist.org/que/pts/d/south-ozone-park-sell-me-your-toyota/7812674148.html
Vintage Matchbox Cars & Aurora Postage Stamp Train Set,$0,Inwood / Wash Hts,https://newyork.craigslist.org/mnh/clt/d/new-york-vintage-matchbox-cars-aurora/7812286253.html
WE BUY CARS TODAY,"$6,000",Staten Island,https://newyork.craigslist.org/stn/cto/d/staten-island-we-buy-cars-today/7812266005.html
2013 Dodge Durango Sxt Awd 7 seater 100 plus cheap cars in stock,"$5,995",Large selection of cars at wholesale prices motorhubnj.com,https://newyork.craigslist.org/brx/ctd/d/burlington-2013-dodge-durango-sxt-awd/7812259742.html
Cars,"$4,000",S Ozone Park,https://newyork.craigslist.org/que/cto/d/ozone-park-cars/7812193999.html
2004 Gmc Envoy SLT 4x4 100 plus cheap cars and suvs in stock,"$2,395",Large selection of cars at wholesale prices motorhubnj.com,https://newyork.craigslist.org/brk/ctd/d/burlington-2004-gmc-envoy-slt-4x4-100/7812147015.html
Collectable Toy Trucks & Cars,$5,Valley Stream,https://newyork.craigslist.org/lgi/clt/d/valley-stream-collectable-toy-trucks/7804222333.html
SUV Cars For Sale (914)-490-5912,"$1,995",Yonkers,https://newyork.craigslist.org/wch/ctd/d/yonkers-suv-cars-for-sale/7812020498.html
MTH Southern Pacific Passengers cars,$25,"Woodhaven, NY",https://newyork.craigslist.org/que/art/d/woodhaven-mth-southern-pacific/7812017056.html
Sedans For Sale (914)-490-5912,"$1,995",Yonkers,https://newyork.craigslist.org/wch/ctd/d/yonkers-sedans-for-sale/7812016219.html
MTH NEW HAVEN EP-5 and Cars,$450,White Plains,https://newyork.craigslist.org/fct/tag/d/white-plains-mth-new-haven-ep-and-cars/7811824615.html
RC Cars,$40,Mount Vernon,https://newyork.craigslist.org/wch/tag/d/mount-vernon-rc-cars/7803772381.html
VINTAGE TOY CARS MATCHBOX & HOT WHEELS ...,$10,Brooklyn,https://newyork.craigslist.org/brk/tag/d/brooklyn-vintage-toy-cars-matchbox-hot/7811592622.html
Model Cars Collection,$599,Brooklyn,https://newyork.craigslist.org/brk/clt/d/brooklyn-model-cars-collection/7811552742.html
We buy all cars,"$2,000",Brooklyn,https://newyork.craigslist.org/brk/pts/d/brooklyn-we-buy-all-cars/7811386736.html
Selling off fleet of SMART  CARS,"$2,500",NEW FAIRFIELD CONNECTICUT,https://newyork.craigslist.org/fct/cto/d/new-fairfield-selling-off-fleet-of/7811345314.html
Lot of 3 Athearn HO Scale Model Train Cars with Boxes,$30,"Bridgewater, CT",https://newyork.craigslist.org/fct/atq/d/bridgewater-lot-of-athearn-ho-scale/7810899525.html
"Probe,   and cars,trucks for parts or whole",$0,Yonker,https://newyork.craigslist.org/wch/pts/d/yonkers-probe-and-carstrucks-for-parts/7803069687.html
WE BUY CARS NY WE WILL BEAT ANY OFFER YOU GOT,"$2,150",Howard Beach,https://newyork.craigslist.org/que/cto/d/howard-beach-we-buy-cars-ny-we-will/7810728507.html
"HOT WHEELS STORAGE CASE w/ 76 CARS--42 ""HOT WHEELS""--34 OTHER BRANDS",$26,Bayside,https://newyork.craigslist.org/que/tag/d/oakland-gardens-hot-wheels-storage-case/7810680502.html
WANTED: Crashed-Damaged- Cars....,$500,All Boros  All NY,https://newyork.craigslist.org/brx/pts/d/new-york-wanted-crashed-damaged-cars/7810596854.html
WANTED: Crashed-Damaged- Cars....,$500,All Boros  All NY,https://newyork.craigslist.org/brx/pts/d/new-york-wanted-crashed-damaged-cars/7810596790.html
"Lionel Great Train Robbery,Extra Engine,Cars,Fort&Lehigh Valley & P-38",$695,bronx,https://newyork.craigslist.org/brx/tag/d/bronx-lionel-great-train-robberyextra/7810563955.html
Maisto 2015 mustang gt 5.0 Coyote set 1:18 scale diecast cars 25 each,$75,brooklyn,https://newyork.craigslist.org/brk/clt/d/brooklyn-maisto-2015-mustang-gt-50/7810178522.html
We Buy Cars Today,"$6,000",Staten Island,https://newyork.craigslist.org/stn/cto/d/staten-island-we-buy-cars-today/7810124387.html
"CAR EAGLE HOOD ORNAMENT FOR CARS, OR PISTON KEY CHAIN",$5,bayside/queens,https://newyork.craigslist.org/que/pts/d/oakland-gardens-car-eagle-hood-ornament/7801773131.html
Free toy cars,$0,Upper East Side,https://newyork.craigslist.org/mnh/bab/d/new-york-free-toy-cars/7809691922.html
"Dash Cam FHD 1080P Car Camera, Front Dash Camera for Cars",$65,ozone park,https://newyork.craigslist.org/que/ele/d/ozone-park-dash-cam-fhd-1080p-car/7809531305.html
2009 Ford Crown Vic P71 Runs looks great 100 plus cheap cars in stock,"$2,500",Large selection of cars at wholesale prices motorhubnj.com,https://newyork.craigslist.org/que/ctd/d/burlington-2009-ford-crown-vic-p71-runs/7809445488.html
2002 Honda Civic Lx Runs looks great. 100 plus cars and suvs in stock,"$2,395",Large selection of cars at wholesale prices motorhubnj.com,https://newyork.craigslist.org/brk/ctd/d/burlington-2002-honda-civic-lx-runs/7809431204.html
"Lot of Assorted Vintage Mini Metal Cars, Figures, etc.",$20,Howard Beach,https://newyork.craigslist.org/que/atq/d/howard-beach-lot-of-assorted-vintage/7801462541.html
LIONEL STANDARD O GAUGE NY CENTRAL 3 CAR BOXED FREIGHT CARS,$65,FIVE TOWNS,https://newyork.craigslist.org/lgi/clt/d/cedarhurst-lionel-standard-gauge-ny/7801945272.html
2011 Hess toy trucks and race cars (2 items),$30,Chinatown / Lit Italy,https://newyork.craigslist.org/mnh/tag/d/new-york-2011-hess-toy-trucks-and-race/7809259739.html
buying all cars trucks vans paying top dollar call today cash on the spot,"$2,000",Brooklyn,https://newyork.craigslist.org/brk/cto/d/brooklyn-buying-all-cars-trucks-vans/7809047749.html
We buy cars and trucks up $3000,"$3,000",long island,https://newyork.craigslist.org/lgi/cto/d/new-hyde-park-we-buy-cars-and-trucks-up/7809047558.html
WE BUY CARS NY WE WILL BEAT ANY OFFER YOU GOT,"$2,150",Howard beach,https://newyork.craigslist.org/que/cto/d/howard-beach-we-buy-cars-ny-we-will/7808986985.html
AVIGO Plastic Double Sided Ramp Skateboard / Bike / Scooter / RC Cars,$25,Staten Island,https://newyork.craigslist.org/stn/for/d/staten-island-avigo-plastic-double/7800828374.html
"Dash Cam FHD 1080P Car Camera, Front Dash Camera for Cars",$65,ozone park,https://newyork.craigslist.org/que/ele/d/ozone-park-dash-cam-fhd-1080p-car/7804940041.html
We buy all cars trucks SUVs vans,0,All ny queens Long Island ny bk bx si,https://newyork.craigslist.org/que/wad/d/south-richmond-hill-we-buy-all-cars/7808708102.html
Hess Truck - Race Cars,$20,Yorktown Heights,https://newyork.craigslist.org/wch/tag/d/yorktown-heights-hess-truck-race-cars/7808683603.html
2015 Ford Explorer Police Package awd 100 plus cheap cars in stock,"$4,995",Large selection of cars at wholesale prices motorhubnj.com,https://newyork.craigslist.org/que/ctd/d/burlington-2015-ford-explorer-police/7808607216.html
We buy cars pay up to $2500,"$2,500",brooklyn,https://newyork.craigslist.org/que/cto/d/brooklyn-we-buy-cars-pay-up-to-2500/7808525949.html
Hotwheels toys - Batman diecast Hot Wheels toy cars,$12,Union Square,https://newyork.craigslist.org/mnh/clt/d/new-york-hotwheels-toys-batman-diecast/7800828990.html
Hotwheels toys - 10 Tokyo Olympics diecast Hot Wheels toy cars,$20,Union Square,https://newyork.craigslist.org/mnh/clt/d/new-york-hotwheels-toys-10-tokyo/7800827744.html
Trade  VERY Nice laptop for Slot cars,0,Sheepshead bay,https://newyork.craigslist.org/brk/wan/d/brooklyn-trade-very-nice-laptop-for/7800109937.html
1967/68 Mercury Cougar parts,$1,Staten Island,https://newyork.craigslist.org/brk/pts/d/staten-island-mercury-cougar-parts/7810829769.html
4 tires 225/45/18 pirelli all season Runflat,$320,Flushing Queens,https://newyork.craigslist.org/que/wto/d/flushing-tires-pirelli-all-season/7815970302.html
Graco SnugFit 35 Infant Car Seat | Baby Car Seat with Anti Rebound Bar,$75,Park Slope,https://newyork.craigslist.org/brk/bab/d/brooklyn-graco-snugfit-35-infant-car/7808636805.html
1 tires 275/35/21 Michelin Pilot Sport all season,$200,Flushing Queens,https://newyork.craigslist.org/que/wto/d/flushing-tires-michelin-pilot-sport-all/7815968892.html
"New Vintage Retro Thunder Cats - Lionel, Panther, Cheetara and He-man",$15,Upper East Side,https://newyork.craigslist.org/mnh/for/d/new-york-new-vintage-retro-thunder-cats/7815970366.html
FREE CREDIT CARD MACHINE-- FREE CASH REGISTER!!!,$0,Financial District,https://newyork.craigslist.org/mnh/bfd/d/new-york-free-credit-card-machine-free/7815968953.html
Hot Wheels Floating Bath Toys,$15,TriBeCa,https://newyork.craigslist.org/mnh/bab/d/hot-wheels-floating-bath-toys/7815967572.html
1970-72 (PARTS LOT) OLDSMOBILE CUTLASS/442/SX,$90,"North Merrick, Long Island,NY",https://newyork.craigslist.org/lgi/pts/d/merrick-parts-lot-oldsmobile-cutlass/7810062674.html
Dash Cam,$65,Brooklyn,https://newyork.craigslist.org/brk/pts/d/brooklyn-dash-cam/7815960872.html
Collectible Tins - American Bandstand - M&M and More,$10,Valley Stream,https://newyork.craigslist.org/lgi/clt/d/valley-stream-collectible-tins-american/7811005768.html
Commercial Property for Sale - by owner,"$699,000",HIGHLAND,https://newyork.craigslist.org/brk/bfs/d/poughkeepsie-commercial-property-for/7815369771.html
Commercial Property for Sale - by owner,"$699,000",HIGHLAND,https://newyork.craigslist.org/mnh/bfs/d/poughkeepsie-commercial-property-for/7815369626.html
"Volkswagen Passat 2015 miles 58,000","$7,900",New York,https://newyork.craigslist.org/lgi/cto/d/new-york-volkswagen-passat-2015-miles/7815952021.html
Ford fusion 2011,"$3,900",brooklyn,https://newyork.craigslist.org/brk/cto/d/brooklyn-ford-fusion-2011/7815951240.html
2011 BMW X3 excellent condition,"$6,000",Valley stream,https://newyork.craigslist.org/stn/cto/d/staten-island-2011-bmw-x3-excellent/7815950847.html
Yakima Frontloader Bike Rack,$75,New York,https://newyork.craigslist.org/mnh/spo/d/new-york-yakima-frontloader-bike-rack/7815935637.html
2013 Honda Civic Sdn 4dr Man Si ***Guaranteed Financing!!!,"$10,500",+ ACA Auto Sales,https://newyork.craigslist.org/lgi/ctd/d/lynbrook-2013-honda-civic-sdn-4dr-man/7815935594.html
2010 Subaru Outback 4dr Wgn H4 Auto 2.5i Premium All-Weather ***Guaranteed Finan,"$5,995",+ ACA Auto Sales,https://newyork.craigslist.org/lgi/ctd/d/lynbrook-2010-subaru-outback-4dr-wgn-h4/7815935563.html
2016 Chrysler Town  Country 4dr Wgn Touring ***Guaranteed Financing!!!,"$6,995",+ ACA Auto Sales,https://newyork.craigslist.org/lgi/ctd/d/lynbrook-2016-chrysler-town-country-4dr/7815935522.html
2010 Toyota RAV4 4WD 4dr 4-cyl 4-Spd AT ***Guaranteed Financing!!!,"$6,800",+ ACA Auto Sales,https://newyork.craigslist.org/lgi/ctd/d/lynbrook-2010-toyota-rav4-4wd-4dr-cyl/7815935489.html
2011 Jeep Grand Cherokee 4WD 4dr Laredo ***Guaranteed Financing!!!,"$5,995",+ ACA Auto Sales,https://newyork.craigslist.org/lgi/ctd/d/lynbrook-2011-jeep-grand-cherokee-4wd/7815935460.html
2011 Honda CR-V 4WD 5dr EX ***Guaranteed Financing!!!,"$8,300",+ ACA Auto Sales,https://newyork.craigslist.org/lgi/ctd/d/lynbrook-2011-honda-cr-4wd-5dr-ex/7815935429.html
2012 Acura TL 4dr Sdn Auto 2WD Tech ***Guaranteed Financing!!!,"$7,600",+ ACA Auto Sales,https://newyork.craigslist.org/lgi/ctd/d/lynbrook-2012-acura-tl-4dr-sdn-auto-2wd/7815935408.html
2013 Hyundai Tucson FWD 4dr Auto GLS ***Guaranteed Financing!!!,"$5,700",+ ACA Auto Sales,https://newyork.craigslist.org/lgi/ctd/d/lynbrook-2013-hyundai-tucson-fwd-4dr/7815935378.html
2018 Volkswagen Tiguan Limited 2.0T 4MOTION ***Guaranteed Financing!!!,"$8,400",+ ACA Auto Sales,https://newyork.craigslist.org/lgi/ctd/d/lynbrook-2018-volkswagen-tiguan-limited/7815935353.html
2014 BMW X3 AWD 4dr xDrive28i ***Guaranteed Financing!!!,"$8,400",+ ACA Auto Sales,https://newyork.craigslist.org/lgi/ctd/d/lynbrook-2014-bmw-x3-awd-4dr-xdrive28i/7815935320.html
2012 Ford E-350 E-350 Super Duty Van,"$12,450",Floral Park,https://newyork.craigslist.org/que/ctd/d/floral-park-2012-ford-350-350-super/7815934299.html
2012 Ford E-350 E-350 Super Duty Van,"$9,850",Floral Park,https://newyork.craigslist.org/que/ctd/d/floral-park-2012-ford-350-350-super/7815934269.html
2014 Ford E-350 E-350 Super Duty Van,"$9,850",Floral Park,https://newyork.craigslist.org/que/ctd/d/floral-park-2014-ford-350-350-super/7815934259.html
Brass ACF Builders Plate From NY City Subway Car American Car & Foundr,$100,Staten Island,https://newyork.craigslist.org/stn/clt/d/staten-island-brass-acf-builders-plate/7813797468.html
(5) Vintage 1988 Hot Wheels Volkswagon,$10,"Brookfield, CT",https://newyork.craigslist.org/fct/clt/d/brookfield-vintage-1988-hot-wheels/7811700959.html
Futura trailer for sale,"$15,500",Staten Island,https://newyork.craigslist.org/stn/tro/d/staten-island-futura-trailer-for-sale/7815928306.html
2024 Nautique Super Air Nautique G23,"$179,999",+ Brooklyn Auto Sales,https://newyork.craigslist.org/brk/ctd/d/staten-island-2024-nautique-super-air/7815922471.html
Snow tires on wheels 4,$299,East Norwalk,https://newyork.craigslist.org/fct/wto/d/norwalk-snow-tires-on-wheels/7812016731.html
8 Vintage Movie Posters -- Any one for $10,$10,Brooklyn,https://newyork.craigslist.org/brk/clt/d/brooklyn-vintage-movie-posters-any-one/7812710006.html
2021 Nissan Sentra SV $62 A WEEK!,$0,+ EVERYONE DRIVES! WE MAKE IT HAPPEN!,https://newyork.craigslist.org/lgi/ctd/d/cambria-heights-2021-nissan-sentra-sv/7815914390.html
2016 Ford Transit Wagon T-350 148 Low Roof XLT Swing-Out RH Dr ONE OWNER! $,$0,+ EVERYONE DRIVES! WE MAKE IT HAPPEN!,https://newyork.craigslist.org/lgi/ctd/d/cambria-heights-2016-ford-transit-wagon/7815910716.html
2011 Ford E-series E 150 XLT 3dr Passenger Van $32 A WEEK!,$0,+ EVERYONE DRIVES! WE MAKE IT HAPPEN!,https://newyork.craigslist.org/lgi/ctd/d/cambria-heights-2011-ford-series-150/7815910157.html
2015 Nissan Rogue SV. LOW MILES!!! $56 A WEEK!,$0,+ EVERYONE DRIVES! WE MAKE IT HAPPEN!,https://newyork.craigslist.org/que/ctd/d/cambria-heights-2015-nissan-rogue-sv/7815908599.html
2014 Jeep Grand Cherokee Limited. CLEAN CARFAX! $80 A WEEK!,$0,+ EVERYONE DRIVES! WE MAKE IT HAPPEN!,https://newyork.craigslist.org/lgi/ctd/d/cambria-heights-2014-jeep-grand/7815908402.html
2017 Bentley Bentayga W12 AWD,"$74,999",+ Brooklyn Auto Sales,https://newyork.craigslist.org/brk/ctd/d/staten-island-2017-bentley-bentayga-w12/7815901744.html
On30 Scale Train Hawthorne Village Wild Song Combine Car,$30,Financial District,https://newyork.craigslist.org/mnh/clt/d/new-york-on30-scale-train-hawthorne/7812338156.html
2022 Ram 3500 Tradesman,"$45,995",+ Lemans Cars,https://newyork.craigslist.org/brk/ctd/d/commack-2022-ram-3500-tradesman/7815884128.html
2017 Porsche 911 Turbo S Coupe,"$152,999",+ Brooklyn Auto Sales,https://newyork.craigslist.org/brk/ctd/d/staten-island-2017-porsche-911-turbo/7815877088.html
1991-2002 Saturn S Series ABS Sensors and Brackets,$75,staten island,https://newyork.craigslist.org/stn/pts/d/staten-island-saturn-series-abs-sensors/7815876319.html
Mercedes W113 230 SL Owner's Manual Kit & Parts Catalog - Complete -,$550,NY,https://newyork.craigslist.org/brx/pts/d/new-york-mercedes-sl-owners-manual-kit/7813674689.html
"Porsche 928 Boge Struts, Shocks and Strut Mounts",$0,NY,https://newyork.craigslist.org/brx/pts/d/new-york-porsche-928-boge-struts-shocks/7813674931.html
Porsche Late 944/951/924 and 968 Upper Rear Seat,$250,NY,https://newyork.craigslist.org/brx/pts/d/new-york-porsche-late-and-968-upper/7808784229.html
Porsche 911 Carrera 3.2 Heat Exchangers,$550,NY,https://newyork.craigslist.org/lgi/pts/d/new-york-porsche-911-carrera-32-heat/7813675035.html
"A LOT OF TOYS - Educational, recreational toys, puzzles, games...",$1,Upper West Side,https://newyork.craigslist.org/mnh/tag/d/new-york-lot-of-toys-educational/7811779579.html
FALCON &RANCHERO.PARTS 60/65,$10,OZONE PARK,https://newyork.craigslist.org/que/pts/d/ozone-park-falcon-rancheroparts-60-65/7811027640.html
71 CHEVY NOVA  MOLDINGS,$25,OZONE PARK,https://newyork.craigslist.org/que/pts/d/ozone-park-71-chevy-nova-moldings/7811026781.html
2   13 INCH WIRE HUBCAPS,$10,OZONE PARK,https://newyork.craigslist.org/que/pts/d/ozone-park-13-inch-wire-hubcaps/7811022352.html
12 INCH CROME  HUBCAPS    (NEW),$50,OZONE PARK,https://newyork.craigslist.org/que/wto/d/ozone-park-12-inch-crome-hubcaps-new/7810160247.html
Matchbox Hotwheels floating bath toys,$15,TriBeCa,https://newyork.craigslist.org/mnh/tag/d/new-york-matchbox-hotwheels-floating/7808347781.html
2022 Mercedes-Benz SL-Class SL63,"$112,999",+ Brooklyn Auto Sales,https://newyork.craigslist.org/brk/ctd/d/staten-island-2022-mercedes-benz-sl/7815850868.html
2 tires 275/35/21  Bridgestone Alenza Runflat,$280,Flushing Queens,https://newyork.craigslist.org/que/wto/d/flushing-tires-bridgestone-alenza/7815849308.html
Radio's Walkie-Talkies UHF/VHF 8 in total and lots of ACCESSORIES,$200,Williamsburg,https://newyork.craigslist.org/brk/ele/d/brooklyn-radios-walkie-talkies-uhf-vhf/7810035635.html
Subaru Outback OEM Rubber Floor mats - Gen 4 - 2010-2014,$40,Williamsburg,https://newyork.craigslist.org/brk/pts/d/brooklyn-subaru-outback-oem-rubber/7810038215.html
"Babyâ€™s First Books, Games & Toys",$20,TriBeCa,https://newyork.craigslist.org/mnh/bab/d/new-york-babys-first-books-games-toys/7808343855.html
"Babyâ€™s First Toys, Games & Books",$20,TriBeCa,https://newyork.craigslist.org/mnh/tag/d/new-york-babys-first-toys-games-books/7808240906.html
"Babyâ€™s first Toys, Games & Books",$20,TriBeCa,https://newyork.craigslist.org/mnh/tag/d/new-york-babys-first-toys-games-books/7808221435.html
2011 Honda Pilot 4WD 4dr EX-L SUV,$0,West Babylon,https://newyork.craigslist.org/que/ctd/d/north-babylon-2011-honda-pilot-4wd-4dr/7815840732.html
2019 Audi A6 A6 quattro Premium,"$23,995",+ Lemans Cars,https://newyork.craigslist.org/brk/ctd/d/commack-2019-audi-a6-a6-quattro-premium/7815840655.html
2017 Mercedes-Benz C-Class C300 4MATIC Coupe Coupe,$0,Richmond Hill,https://newyork.craigslist.org/que/ctd/d/jamaica-2017-mercedes-benz-class-c300/7815841054.html
2017 Ford Transit 250 Van Low Roof w/Sliding Pass. 130-in. WB Van,$0,Richmond Hill,https://newyork.craigslist.org/que/ctd/d/jamaica-2017-ford-transit-250-van-low/7815841036.html
2020 Dodge Grand Caravan SXT Minivan,$0,Richmond Hill,https://newyork.craigslist.org/que/ctd/d/jamaica-2020-dodge-grand-caravan-sxt/7815841013.html
2019 Jeep Compass Limited 4WD SUV,$0,Richmond Hill,https://newyork.craigslist.org/que/ctd/d/jamaica-2019-jeep-compass-limited-4wd/7815840988.html
2014 Lexus IS 250 AWD Sedan,$0,Richmond Hill,https://newyork.craigslist.org/que/ctd/d/jamaica-2014-lexus-is-250-awd-sedan/7815840962.html
2015 Ford Transit Connect Wagon Titanium w/Rear Liftgate LWB Van,$0,Richmond Hill,https://newyork.craigslist.org/que/ctd/d/jamaica-2015-ford-transit-connect-wagon/7815840941.html
2017 Ford Transit Connect Wagon Titanium w/Rear Liftgate LWB Van,$0,Richmond Hill,https://newyork.craigslist.org/que/ctd/d/jamaica-2017-ford-transit-connect-wagon/7815840921.html
2014 INFINITI Q60 Coupe Sport 6MT Coupe,$0,Richmond Hill,https://newyork.craigslist.org/que/ctd/d/jamaica-2014-infiniti-q60-coupe-sport/7815840888.html
2008 Nissan Rogue S AWD Crossover 4dr,"$4,800","East Brunswick, NJ",https://newyork.craigslist.org/jsy/ctd/d/spotswood-2008-nissan-rogue-awd/7815824738.html
2014 Nissan Pathfinder SL 4x4 4dr SUV,"$6,800","East Brunswick, NJ",https://newyork.craigslist.org/jsy/ctd/d/spotswood-2014-nissan-pathfinder-sl-4x4/7815824675.html
2002 Mercedes-Benz C Class C 32 AMG 4dr Sedan,"$6,500","East Brunswick, NJ",https://newyork.craigslist.org/jsy/ctd/d/spotswood-2002-mercedes-benz-class-32/7815824585.html
2020 Porsche Panamera 4S,"$69,999",+ Brooklyn Auto Sales,https://newyork.craigslist.org/brk/ctd/d/staten-island-2020-porsche-panamera-4s/7815823224.html
2016 Ford Flex Limited AWD  3.5 TURBO ECOBOOST **48K MILES**,"$17,995","1081 Entry Drive  Bensenville, IL 60106",https://newyork.craigslist.org/mnh/ctd/d/bensenville-2016-ford-flex-limited-awd/7815804916.html
MATCHBOX HOT WHEELS PREMIUM CAR CULTURE SUPER MARIO BROS 64 KART BUNDLE LOT NIB ,$375,BAY RIDGE,https://newyork.craigslist.org/brk/tag/d/brooklyn-matchbox-hot-wheels-premium/7809032394.html
Mint Sizzlers Race Car Mega Charger Vehicle Recharger - New In Package,$30,Brooklyn NY,https://newyork.craigslist.org/brk/tag/d/brooklyn-mint-sizzlers-race-car-mega/7814512631.html
2011 Jeep Wrangler,"$11,929",Autotrader Private Seller,https://newyork.craigslist.org/mnh/ctd/d/new-york-2011-jeep-wrangler/7815801932.html
2 tires 275/45. And 315/40/21 pirelli Scorpion zero,$380,queens,https://newyork.craigslist.org/que/wto/d/flushing-tires-and-pirelli-scorpion-zero/7815788640.html
2019 Acura RDX Base,"$23,995",+ Lemans Cars,https://newyork.craigslist.org/brk/ctd/d/commack-2019-acura-rdx-base/7815800750.html
NOVA 71 LEFT ARM REST BASE&PAD,$10,OZONE PARK,https://newyork.craigslist.org/que/pts/d/ozone-park-nova-71-left-arm-rest-basepad/7814949874.html
Roadshock Defroster with Light,$10,Forest Hills,https://newyork.craigslist.org/que/ele/d/forest-hills-roadshock-defroster-with/7815788592.html
2014 Mercedes-Benz C Class C 300 Sport 4MATIC AWD 4dr Sedan,"$7,800","East Brunswick, NJ",https://newyork.craigslist.org/jsy/ctd/d/spotswood-2014-mercedes-benz-class-300/7815779953.html
2015 Subaru Legacy 2.5i Limited AWD 4dr Sedan,"$6,500","East Brunswick, NJ",https://newyork.craigslist.org/jsy/ctd/d/spotswood-2015-subaru-legacy-25i/7815779796.html
Set of 3 Usborne Books,$10,queens,https://newyork.craigslist.org/que/bab/d/jackson-heights-set-of-usborne-books/7811445067.html
CHEVY CAPRICE WAGON ECTO4,"$23,000",Lower East Side,https://newyork.craigslist.org/mnh/cto/d/new-york-chevy-caprice-wagon-ecto4/7815775923.html
Down sizing sale,$0,"staten island, New York",https://newyork.craigslist.org/stn/gms/d/staten-island-down-sizing-sale/7815765194.html
1994 320 SL,$0,Staten Island New York,https://newyork.craigslist.org/stn/bar/d/staten-island-sl/7814668619.html
2017 Smart ForTwo Electric Drive,"$12,500",Williamsburg,https://newyork.craigslist.org/brk/cto/d/brooklyn-2017-smart-fortwo-electric/7815744431.html
"Lionel Trains-Post War ""0"" Ga.","$7,500",Franklin Lakes,https://newyork.craigslist.org/brk/clt/d/franklin-lakes-lionel-trains-post-war-ga/7808632639.html
â–ˆ JDM Made in Japan Xenon light HID Kit,$0,18 months warranty - Queens,https://newyork.craigslist.org/que/for/d/queens-village-jdm-made-in-japan-xenon/7812992491.html
Baby Jogger City Go Infant Black Base Only,$10,Staten Island,https://newyork.craigslist.org/stn/bab/d/staten-island-baby-jogger-city-go/7809205979.html
2017 Toyota 4Runner 4 Runner 4-Runner SR5 Premium - ONE OWNER ~ Craigs,"$35,990","196-33 Northern Blvd, Queens NY, 11358",https://newyork.craigslist.org/que/ctd/d/flushing-2017-toyota-4runner-runner/7815699388.html
2012 Ford E-250 E-250 Van,"$11,850",Floral Park,https://newyork.craigslist.org/que/ctd/d/floral-park-2012-ford-250-250-van/7815699014.html
2012 Ford E-350 E-350 Super Duty Extended Van,"$11,650",Floral Park,https://newyork.craigslist.org/que/ctd/d/floral-park-2012-ford-350-350-super/7815698993.html
2014 Ford E-150 E-150 Van,"$8,950",Floral Park,https://newyork.craigslist.org/que/ctd/d/floral-park-2014-ford-150-150-van/7815698971.html
2007 TOYOTA FJ CRUISER AWD,"$11,000",Brooklyn,https://newyork.craigslist.org/brk/ctd/d/brooklyn-2007-toyota-fj-cruiser-awd/7815687112.html
2021 JEEP WRANGLER RUBICON AWD,"$29,995",Brooklyn,https://newyork.craigslist.org/brk/ctd/d/brooklyn-2021-jeep-wrangler-rubicon-awd/7815686511.html
2022 BMW M5 CS,$0,+ Brooklyn Auto Sales,https://newyork.craigslist.org/brk/ctd/d/staten-island-2022-bmw-m5-cs/7815685095.html
Road champ minis lot,$10,Port Washington,https://newyork.craigslist.org/lgi/tag/d/port-washington-road-champ-minis-lot/7809141019.html
Hot wheels set,$30,Brooklyn,https://newyork.craigslist.org/brk/tag/d/brooklyn-hot-wheels-set/7810579926.html
2004 Porsche 911 Carrera Coupe,"$33,999",+ Brooklyn Auto Sales,https://newyork.craigslist.org/brk/ctd/d/staten-island-2004-porsche-911-carrera/7815660854.html
1985-1993 MUSTANG'S WANTED,$1,Long Island NY,https://newyork.craigslist.org/lgi/pts/d/westbury-mustangs-wanted/7810566363.html
1985-1993 MUSTANG'S WANTED,0,Long Island NY,https://newyork.craigslist.org/lgi/wan/d/westbury-mustangs-wanted/7810566391.html
1997 Honda Orthia 2.0 GX RHD JDM IMPORT,"$13,900",manhattan,https://newyork.craigslist.org/mnh/ctd/d/new-york-1997-honda-orthia-20-gx-rhd/7815651990.html
2019 Chevrolet Chevy Suburban LT,"$26,995",+ Lemans Cars,https://newyork.craigslist.org/brk/ctd/d/commack-2019-chevrolet-chevy-suburban-lt/7815642356.html
2005 Lexus ES330 original owner 175K miles,"$5,500",Norwalk CT,https://newyork.craigslist.org/fct/cto/d/norwalk-2005-lexus-es330-original-owner/7815635574.html
Large bag of mixed LEGOS,$80,Inwood / Wash Hts,https://newyork.craigslist.org/mnh/tag/d/new-york-large-bag-of-mixed-legos/7811818387.html
2015 BMW 6 series Alpina B6 xDrive GC ~ Craigslist Great Deal!,"$35,752","196-33 Northern Blvd, Queens NY, 11358",https://newyork.craigslist.org/que/ctd/d/flushing-2015-bmw-series-alpina-b6/7815633078.html
2022 KTM 1290 Super Duke R,"$14,999",+ Brooklyn Auto Sales,https://newyork.craigslist.org/brk/ctd/d/staten-island-2022-ktm-1290-super-duke/7815632492.html
2015 Volvo XC60 T6 Sport Utility 4D (2015.5),"$13,900",Stamford,https://newyork.craigslist.org/fct/cto/d/stamford-2015-volvo-xc60-t6-sport/7815626958.html
CADILLAC DEVILLE WINDOW REGULATOR,$25,Queens,https://newyork.craigslist.org/que/pts/d/astoria-cadillac-deville-window/7815614351.html
2013 Honda Civic,"$7,399",West Hempstead,https://newyork.craigslist.org/lgi/cto/d/west-hempstead-2013-honda-civic/7815606833.html
2021 Tesla Model 3 Performance,$0,+ Brooklyn Auto Sales,https://newyork.craigslist.org/brk/ctd/d/staten-island-2021-tesla-model/7815602208.html
ECS Tuning Carbon Fiber steering wheel mini cooper r55 R56,$250,New York,https://newyork.craigslist.org/mnh/pts/d/new-york-ecs-tuning-carbon-fiber/7815599252.html
2013 Nissan Frontier SV V6 4x4 4dr King Cab 6.1 ft. SB Pickup 5A Call/Text 718-5,$0,"+ ANY CREDIT APPROVED! GOOD CREDIT, BAD CREDIT, NO CREDIT!",https://newyork.craigslist.org/brk/ctd/d/ridgewood-2013-nissan-frontier-sv-v6/7815597493.html
Temporary Plates Insurance,$155,brooklyn,https://newyork.craigslist.org/brk/pts/d/brooklyn-temporary-plates-insurance/7808494822.html
2018 Jaguar F-PACE 25t Premium,"$16,995",+ Lemans Cars,https://newyork.craigslist.org/brk/ctd/d/commack-2018-jaguar-pace-25t-premium/7815591758.html
2014 Honda Accord LX Sedan 6-Spd MT Sedan,$0,Richmond Hill,https://newyork.craigslist.org/que/ctd/d/jamaica-2014-honda-accord-lx-sedan-spd/7815591559.html
2022 Toyota Highlander XLE FWD V6 SUV,$0,Richmond Hill,https://newyork.craigslist.org/que/ctd/d/jamaica-2022-toyota-highlander-xle-fwd/7815591525.html
2015 Ford Transit Connect XL LWB Van,$0,Richmond Hill,https://newyork.craigslist.org/que/ctd/d/jamaica-2015-ford-transit-connect-xl/7815591477.html
2017 McLaren 570GT Base Coupe,$0,Richmond Hill,https://newyork.craigslist.org/que/ctd/d/jamaica-2017-mclaren-570gt-base-coupe/7815591447.html
2022 Cadillac Escalade Premium Luxury AWD SUV,$0,Richmond Hill,https://newyork.craigslist.org/que/ctd/d/jamaica-2022-cadillac-escalade-premium/7815591418.html
2019 Mercedes-Benz AMG GT Cabrio Convertible,$0,Richmond Hill,https://newyork.craigslist.org/que/ctd/d/jamaica-2019-mercedes-benz-amg-gt/7815591392.html
2019 Lexus GS Base Sedan,$0,Richmond Hill,https://newyork.craigslist.org/que/ctd/d/jamaica-2019-lexus-gs-base-sedan/7815591360.html
2018 Ford Transit 150 Wagon Med. Roof XL w/Sliding Pass. 130-in. WB Va,$0,Richmond Hill,https://newyork.craigslist.org/que/ctd/d/jamaica-2018-ford-transit-150-wagon-med/7815591325.html
2023 Toyota Sienna XLE 7-Passenger Minivan,$0,Elmhurst,https://newyork.craigslist.org/que/ctd/d/elmhurst-2023-toyota-sienna-xle/7815591290.html
2021 Mercedes-Benz C-Class AMG C 63 S Coupe,$0,Elmhurst,https://newyork.craigslist.org/que/ctd/d/elmhurst-2021-mercedes-benz-class-amg/7815591257.html
2019 Honda Civic LX ~ Craigslist Great Deal!,"$17,936","196-33 Northern Blvd, Queens NY, 11358",https://newyork.craigslist.org/que/ctd/d/flushing-2019-honda-civic-lx-great-deal/7815590630.html
Selling That Classic Car?  Serious Buyer of Antique vehicles,0,New York,https://newyork.craigslist.org/wch/wan/d/yorktown-heights-selling-that-classic/7808695249.html
Oil Extractor Pump,$40,Stamford,https://newyork.craigslist.org/fct/pts/d/stamford-oil-extractor-pump/7814581034.html
2012 Nissan Versa 1.8 S 4dr Hatchback 4A,"$3,900","East Brunswick, NJ",https://newyork.craigslist.org/jsy/ctd/d/spotswood-2012-nissan-versa-18-4dr/7815571000.html
2015 Volkswagen Golf TSI S 4dr Hatchback 6A,"$8,900","East Brunswick, NJ",https://newyork.craigslist.org/jsy/ctd/d/spotswood-2015-volkswagen-golf-tsi-4dr/7815570890.html
2004 Ford Super Duty F-250 Lariat 4dr Crew Cab 4WD SB,"$7,800","East Brunswick, NJ",https://newyork.craigslist.org/jsy/ctd/d/spotswood-2004-ford-super-duty-250/7815570767.html
2021 INFINITI Q50 RED SPORT 400 AWD,"$31,885",+ EastChester Certified Motors,https://newyork.craigslist.org/brk/ctd/d/eastchester-2021-infiniti-q50-red-sport/7815569932.html
2021 Lamborghini Huracan EVO Coupe,"$244,999",+ Brooklyn Auto Sales,https://newyork.craigslist.org/brk/ctd/d/staten-island-2021-lamborghini-huracan/7815569731.html
1968 Chevelle 14x5 GM Steel Rims Tires Pair,$100,bay shore,https://newyork.craigslist.org/lgi/wto/d/brightwaters-1968-chevelle-14x5-gm/7808009299.html
Wanted Old Motorcycles ðŸ“ž(800)220-9683 www.wantedoldmotorcycles.com,0,CallðŸ“ž1(800)220-9683  Website: www.wantedoldmotorcycles.com,https://newyork.craigslist.org/que/wad/d/fresh-meadows-wanted-old-motorcycles/7815559821.html
7 New In Box 2006 Mattel Hot Wheels Redline Sizzlers Motorized Race,$99,Brooklyn NY,https://newyork.craigslist.org/brk/tag/d/brooklyn-new-in-box-2006-mattel-hot/7814365266.html
Vintage Aurora AFX HO Scale Slot Car Lot,$399,Brooklyn NY,https://newyork.craigslist.org/brk/tag/d/brooklyn-vintage-aurora-afx-ho-scale/7811222844.html
Vintage Carrera Servo 160 Slot Car Racing Set - German Made,$99,Brooklyn NY,https://newyork.craigslist.org/brk/tag/d/brooklyn-vintage-carrera-servo-160-slot/7812886022.html
48 Vintage 1969 Hot Wheels Redline Sizzler Car Fat Daddy ChopCycle Lot,$299,Brooklyn NY,https://newyork.craigslist.org/brk/tag/d/brooklyn-48-vintage-1969-hot-wheels/7811553300.html
Yakima Roof Rack System (Chevy Bolt 2023),$325,Brooklyn,https://newyork.craigslist.org/brk/pts/d/brooklyn-yakima-roof-rack-system-chevy/7815550745.html
2019 Porsche Cayenne AWD W BOSE SOUND ~ Craigslist Great Deal!,"$33,650","196-33 Northern Blvd, Queens NY, 11358",https://newyork.craigslist.org/que/ctd/d/flushing-2019-porsche-cayenne-awd-bose/7815550949.html
2021 Hyundai Tucson SE 13k miles,"$17,770",Murray Hil,https://newyork.craigslist.org/que/cto/d/ridgewood-2021-hyundai-tucson-se-13k/7815550747.html
NameTrains D & F Wooden Letters on Wheels!,$5,Chelsea,https://newyork.craigslist.org/mnh/bab/d/nametrains-wooden-letters-on-wheels/7808690654.html
2023 Mercedes-Benz S-Class S 500 4MATIC Sedan,"$63,250",+ EastChester Certified Motors,https://newyork.craigslist.org/wch/ctd/d/eastchester-2023-mercedes-benz-class/7815542496.html
2013 Ford F-150 F150 F 150 FX4,"$17,995",+ Lemans Cars,https://newyork.craigslist.org/brk/ctd/d/commack-2013-ford-150-f150-150-fx4/7815542398.html
2022 Hyundai Elantra,"$16,926",+ South Shore Mitsubishi,https://newyork.craigslist.org/wch/ctd/d/freeport-2022-hyundai-elantra/7815542376.html
2024 Ford Transit XLT Van,"$57,800",Long Island City,https://newyork.craigslist.org/que/ctd/d/sunnyside-2024-ford-transit-xlt-van/7815537073.html
2023 Chevrolet Suburban Premier SUV,"$59,888",Long Island City,https://newyork.craigslist.org/que/ctd/d/sunnyside-2023-chevrolet-suburban/7815537092.html
2023 Chevrolet Suburban Premier SUV,"$48,888",Long Island City,https://newyork.craigslist.org/que/ctd/d/sunnyside-2023-chevrolet-suburban/7815537045.html
2022 Mercedes-Benz GLE-Class GLE 350 SUV,"$46,995",Long Island City,https://newyork.craigslist.org/que/ctd/d/sunnyside-2022-mercedes-benz-gle-class/7815537011.html
2024 Acura MDX 3.5L SUV,"$44,995",Long Island City,https://newyork.craigslist.org/que/ctd/d/sunnyside-2024-acura-mdx-35l-suv/7815536985.html
2022 Audi Q7 55 Premium SUV,"$40,888",Long Island City,https://newyork.craigslist.org/que/ctd/d/sunnyside-2022-audi-q7-55-premium-suv/7815536963.html
2024 Honda Pilot EX-L SUV,"$37,995",Long Island City,https://newyork.craigslist.org/que/ctd/d/sunnyside-2024-honda-pilot-ex-suv/7815536934.html
2024 BMW X3 sDrive30i SUV,"$37,800",Long Island City,https://newyork.craigslist.org/que/ctd/d/sunnyside-2024-bmw-x3-sdrive30i-suv/7815536900.html
2023 Mitsubishi Outlander 40th Anniversary SUV,"$32,800",Long Island City,https://newyork.craigslist.org/que/ctd/d/sunnyside-2023-mitsubishi-outlander/7815536722.html
2023 Chevrolet Blazer LT SUV,"$27,995",Long Island City,https://newyork.craigslist.org/que/ctd/d/sunnyside-2023-chevrolet-blazer-lt-suv/7815536665.html
2021 Acura RDX Technology Package SUV,"$29,888",Long Island City,https://newyork.craigslist.org/que/ctd/d/sunnyside-2021-acura-rdx-technology/7815536698.html
2023 Nissan Pathfinder S SUV,"$27,888",Long Island City,https://newyork.craigslist.org/que/ctd/d/sunnyside-2023-nissan-pathfinder-suv/7815536644.html
2021 Honda Odyssey EX Minivan,"$27,800",Long Island City,https://newyork.craigslist.org/que/ctd/d/sunnyside-2021-honda-odyssey-ex-minivan/7815536619.html
2023 Mazda CX-9 Touring SUV,"$26,995",Long Island City,https://newyork.craigslist.org/que/ctd/d/sunnyside-2023-mazda-cx-touring-suv/7815536585.html
2020 Acura MDX 3.5L SUV,"$25,800",Long Island City,https://newyork.craigslist.org/que/ctd/d/sunnyside-2020-acura-mdx-35l-suv/7815536562.html
2019 Mercedes-Benz Metris Cargo Van,"$24,800",Long Island City,https://newyork.craigslist.org/que/ctd/d/sunnyside-2019-mercedes-benz-metris/7815536539.html
2015 Chevrolet Suburban LTZ SUV,"$14,888",Long Island City,https://newyork.craigslist.org/que/ctd/d/sunnyside-2015-chevrolet-suburban-ltz/7815536513.html
